group,weight
Technology,0.2948717948717949
Consumer Discretionary,0.21794871794871795
Communication Services,0.15384615384615383
Health Care,0.14102564102564102
Financials,0.1282051282051282
Consumer Staples,0.0641025641025641
