group,weight
Technology,0.2897546572214165
Consumer Discretionary,0.21795583213516417
Communication Services,0.15385116342240857
Health Care,0.146125880761321
Financials,0.12820818069634632
Consumer Staples,0.06410428576334339
